Avg_Median_Household_Income,Avg_Per_Capita_Income,Avg_Median_Age,Avg_Median_Home_Value
82014.52272727274,35215.78490566038,33.81245283018868,343089.3129770992
